{
  "model_name": "v41_frequency_main_numbers_model",
  "model_type": "frequency_baseline",
  "canonical_dataset": "data\\v41_canonical_draw_events.csv",
  "uses_bonus_number": false,
  "uses_drawing_no": true,
  "total_draw_events": 10057,
  "scores": {
    "1": 0.12439097146266283,
    "2": 0.12150740777567863,
    "3": 0.11753007855225216,
    "4": 0.12687680222730435,
    "5": 0.12120910808392164,
    "6": 0.12647906930496172,
    "7": 0.120811375161579,
    "8": 0.12389380530973451,
    "9": 0.12449040469324849,
    "10": 0.11941930993337974,
    "11": 0.1265785025355474,
    "12": 0.1241921050014915,
    "13": 0.12071194193099334,
    "14": 0.12001590931689371,
    "15": 0.12140797454509297,
    "16": 0.11941930993337974,
    "17": 0.12598190315203342,
    "18": 0.11892214378045143,
    "19": 0.11822611116635179,
    "20": 0.12140797454509297,
    "21": 0.12816943422491797,
    "22": 0.12429153823207716,
    "23": 0.11623744655463857,
    "24": 0.12329720592622054,
    "25": 0.12329720592622054,
    "26": 0.12120910808392164,
    "27": 0.1192204434722084,
    "28": 0.12439097146266283,
    "29": 0.12488813761559113,
    "30": 0.12389380530973451,
    "31": 0.11723177886049518,
    "32": 0.11971760962513672,
    "33": 0.12200457392860695,
    "34": 0.1283683006860893,
    "35": 0.12359550561797752,
    "36": 0.12140797454509297,
    "37": 0.12687680222730435,
    "38": 0.12240230685094959,
    "39": 0.1203142090086507,
    "40": 0.11593914686288158,
    "41": 0.11663517947698121,
    "42": 0.12280003977329224,
    "43": 0.12150740777567863,
    "44": 0.12826886745550362,
    "45": 0.12309833946504922,
    "46": 0.12389380530973451,
    "47": 0.12071194193099334,
    "48": 0.12618076961320474,
    "49": 0.12667793576613304
  },
  "top6": [
    34,
    44,
    21,
    4,
    37,
    49
  ],
  "warning": "Lottery draws are random. Scores are historical rankings, not guaranteed predictions."
}