{
  "model_name": "v41_frequency_main_numbers_model",
  "model_type": "frequency_baseline",
  "canonical_dataset": "data\\v41_canonical_draw_events.csv",
  "uses_bonus_number": false,
  "uses_drawing_no": true,
  "total_draw_events": 10064,
  "scores": {
    "1": 0.12430445151033387,
    "2": 0.12152225755166932,
    "3": 0.1174483306836248,
    "4": 0.1269872813990461,
    "5": 0.1212241653418124,
    "6": 0.12649046104928457,
    "7": 0.12072734499205087,
    "8": 0.12390699523052465,
    "9": 0.12450317965023848,
    "10": 0.1193362480127186,
    "11": 0.1266891891891892,
    "12": 0.12430445151033387,
    "13": 0.12072734499205087,
    "14": 0.11993243243243243,
    "15": 0.1213235294117647,
    "16": 0.1195349761526232,
    "17": 0.12609300476947535,
    "18": 0.11893879173290937,
    "19": 0.11824324324324324,
    "20": 0.1213235294117647,
    "21": 0.12817965023847377,
    "22": 0.12420508744038156,
    "23": 0.11625596184419713,
    "24": 0.1232114467408585,
    "25": 0.1232114467408585,
    "26": 0.1211248012718601,
    "27": 0.11913751987281399,
    "28": 0.12440381558028617,
    "29": 0.1249006359300477,
    "30": 0.12390699523052465,
    "31": 0.11715023847376789,
    "32": 0.11963434022257552,
    "33": 0.12211844197138315,
    "34": 0.1282790143084261,
    "35": 0.12370826709062004,
    "36": 0.12142289348171702,
    "37": 0.1268879173290938,
    "38": 0.12261526232114467,
    "39": 0.12023052464228935,
    "40": 0.11585850556438791,
    "41": 0.11665341812400636,
    "42": 0.12281399046104928,
    "43": 0.12142289348171702,
    "44": 0.12847774244833068,
    "45": 0.12301271860095389,
    "46": 0.12390699523052465,
    "47": 0.12082670906200318,
    "48": 0.12619236883942767,
    "49": 0.1266891891891892
  },
  "top6": [
    44,
    34,
    21,
    4,
    37,
    11
  ],
  "warning": "Lottery draws are random. Scores are historical rankings, not guaranteed predictions."
}