{
  "model_name": "v41_frequency_main_numbers_model",
  "model_type": "frequency_baseline",
  "canonical_dataset": "data/v41_canonical_draw_events.csv",
  "uses_bonus_number": false,
  "uses_drawing_no": true,
  "total_draw_events": 10062,
  "scores": {
    "1": 0.12432915921288014,
    "2": 0.12154641224408666,
    "3": 0.1174716756112105,
    "4": 0.12701252236135957,
    "5": 0.1212482607831445,
    "6": 0.1265156032597893,
    "7": 0.12075134168157424,
    "8": 0.12393162393162394,
    "9": 0.12452792685350825,
    "10": 0.1193599681971775,
    "11": 0.1267143709004174,
    "12": 0.12422977539256609,
    "13": 0.12075134168157424,
    "14": 0.11995627111906182,
    "15": 0.12134764460345855,
    "16": 0.11945935201749155,
    "17": 0.12601868415821904,
    "18": 0.11896243291592129,
    "19": 0.11826674617372292,
    "20": 0.12134764460345855,
    "21": 0.1282051282051282,
    "22": 0.12422977539256609,
    "23": 0.11617968594712781,
    "24": 0.12323593718942556,
    "25": 0.12323593718942556,
    "26": 0.12114887696283046,
    "27": 0.1191612005565494,
    "28": 0.1244285430331942,
    "29": 0.1248260783144504,
    "30": 0.12383224011130987,
    "31": 0.11717352415026834,
    "32": 0.11965811965811966,
    "33": 0.12214271516597099,
    "34": 0.12830451202544227,
    "35": 0.12363347247068178,
    "36": 0.12144702842377261,
    "37": 0.12681375472073148,
    "38": 0.12254025044722719,
    "39": 0.12025442258000398,
    "40": 0.11588153448618566,
    "41": 0.11657722122838401,
    "42": 0.12283840190816935,
    "43": 0.12144702842377261,
    "44": 0.12840389584575632,
    "45": 0.12303716954879745,
    "46": 0.12393162393162394,
    "47": 0.12075134168157424,
    "48": 0.12621745179884714,
    "49": 0.1267143709004174
  },
  "top6": [
    44,
    34,
    21,
    4,
    37,
    11
  ],
  "warning": "Lottery draws are random. Scores are historical rankings, not guaranteed predictions."
}