{
  "model_name": "v41_frequency_main_numbers_model",
  "model_type": "frequency_baseline",
  "canonical_dataset": "data\\v41_canonical_draw_events.csv",
  "uses_bonus_number": false,
  "uses_drawing_no": true,
  "total_draw_events": 10060,
  "scores": {
    "1": 0.12435387673956262,
    "2": 0.12157057654075547,
    "3": 0.11749502982107356,
    "4": 0.12693836978131212,
    "5": 0.12127236580516898,
    "6": 0.1265407554671968,
    "7": 0.12077534791252485,
    "8": 0.1238568588469185,
    "9": 0.12445328031809146,
    "10": 0.11938369781312128,
    "11": 0.12664015904572565,
    "12": 0.12415506958250497,
    "13": 0.12077534791252485,
    "14": 0.11998011928429424,
    "15": 0.12137176938369781,
    "16": 0.1194831013916501,
    "17": 0.12604373757455267,
    "18": 0.11888667992047713,
    "19": 0.11829025844930417,
    "20": 0.12137176938369781,
    "21": 0.12813121272365804,
    "22": 0.1242544731610338,
    "23": 0.1162027833001988,
    "24": 0.12326043737574553,
    "25": 0.12326043737574553,
    "26": 0.12117296222664016,
    "27": 0.11918489065606362,
    "28": 0.12435387673956262,
    "29": 0.12485089463220676,
    "30": 0.1238568588469185,
    "31": 0.11719681908548708,
    "32": 0.11968190854870775,
    "33": 0.1220675944333996,
    "34": 0.1283300198807157,
    "35": 0.12365805168986084,
    "36": 0.12137176938369781,
    "37": 0.1268389662027833,
    "38": 0.12246520874751492,
    "39": 0.12027833001988071,
    "40": 0.11590457256461233,
    "41": 0.11660039761431412,
    "42": 0.12286282306163022,
    "43": 0.12147117296222663,
    "44": 0.12842942345924455,
    "45": 0.12306163021868788,
    "46": 0.12395626242544731,
    "47": 0.12077534791252485,
    "48": 0.12624254473161034,
    "49": 0.12664015904572565
  },
  "top6": [
    44,
    34,
    21,
    4,
    37,
    11
  ],
  "warning": "Lottery draws are random. Scores are historical rankings, not guaranteed predictions."
}