{
  "model_name": "v41_frequency_main_numbers_model",
  "model_type": "frequency_baseline",
  "canonical_dataset": "data\\v41_canonical_draw_events.csv",
  "uses_bonus_number": false,
  "uses_drawing_no": true,
  "total_draw_events": 10058,
  "scores": {
    "1": 0.1243786040962418,
    "2": 0.12149532710280374,
    "3": 0.11751839331875125,
    "4": 0.1268641877112746,
    "5": 0.1211970570689998,
    "6": 0.12656591767747066,
    "7": 0.12079936369059455,
    "8": 0.12388148737323523,
    "9": 0.1244780274408431,
    "10": 0.11940743686617618,
    "11": 0.12656591767747066,
    "12": 0.12417975740703917,
    "13": 0.12079936369059455,
    "14": 0.12000397693378405,
    "15": 0.12139590375820243,
    "16": 0.11950686021077749,
    "17": 0.1259693776098628,
    "18": 0.11891032014316961,
    "19": 0.11831378007556174,
    "20": 0.12139590375820243,
    "21": 0.12815669119109166,
    "22": 0.12427918075164049,
    "23": 0.11622588983893418,
    "24": 0.12328494730562736,
    "25": 0.12328494730562736,
    "26": 0.1211970570689998,
    "27": 0.11920859017697355,
    "28": 0.1243786040962418,
    "29": 0.12487572081924836,
    "30": 0.12388148737323523,
    "31": 0.11722012328494731,
    "32": 0.11970570689998011,
    "33": 0.1219924438258103,
    "34": 0.1283555378802943,
    "35": 0.1235832173394313,
    "36": 0.12139590375820243,
    "37": 0.1268641877112746,
    "38": 0.12239013720421554,
    "39": 0.12030224696758798,
    "40": 0.11592761980513025,
    "41": 0.11662358321733943,
    "42": 0.1228872539272221,
    "43": 0.12149532710280374,
    "44": 0.1283555378802943,
    "45": 0.12308610061642473,
    "46": 0.12388148737323523,
    "47": 0.12069994034599324,
    "48": 0.1261682242990654,
    "49": 0.12666534102207197
  },
  "top6": [
    34,
    44,
    21,
    4,
    37,
    49
  ],
  "warning": "Lottery draws are random. Scores are historical rankings, not guaranteed predictions."
}