{
  "model_name": "v41_frequency_main_numbers_model",
  "model_type": "frequency_baseline",
  "canonical_dataset": "data/v41_canonical_draw_events.csv",
  "uses_bonus_number": false,
  "uses_drawing_no": true,
  "total_draw_events": 10061,
  "scores": {
    "1": 0.1243415167478382,
    "2": 0.12155849319153166,
    "3": 0.11748335155551139,
    "4": 0.12692575290726568,
    "5": 0.1212603120962131,
    "6": 0.1265281781135076,
    "7": 0.1207633436040155,
    "8": 0.12394394195408011,
    "9": 0.12454030414471723,
    "10": 0.11937183182586224,
    "11": 0.12662757181194711,
    "12": 0.12424212304939866,
    "13": 0.1207633436040155,
    "14": 0.11996819401649936,
    "15": 0.12135970579465262,
    "16": 0.11947122552430176,
    "17": 0.12603120962131,
    "18": 0.11897425703210417,
    "19": 0.11827850114302753,
    "20": 0.12135970579465262,
    "21": 0.1281184772885399,
    "22": 0.12424212304939866,
    "23": 0.11619123347579763,
    "24": 0.12324818606500348,
    "25": 0.12324818606500348,
    "26": 0.12116091839777358,
    "27": 0.1191730444289832,
    "28": 0.1243415167478382,
    "29": 0.12483848524003578,
    "30": 0.12384454825564059,
    "31": 0.11718517046019282,
    "32": 0.11967001292118079,
    "33": 0.12215485538216878,
    "34": 0.12831726468541896,
    "35": 0.12364576085876156,
    "36": 0.12135970579465262,
    "37": 0.12682635920882615,
    "38": 0.12255243017592685,
    "39": 0.12026637511181791,
    "40": 0.11589305238047908,
    "41": 0.11658880826955571,
    "42": 0.1228506112712454,
    "43": 0.12145909949309214,
    "44": 0.12841665838385846,
    "45": 0.12304939866812444,
    "46": 0.12394394195408011,
    "47": 0.1207633436040155,
    "48": 0.12622999701818904,
    "49": 0.12662757181194711
  },
  "top6": [
    44,
    34,
    21,
    4,
    37,
    11
  ],
  "warning": "Lottery draws are random. Scores are historical rankings, not guaranteed predictions."
}