combination,combo_score,pair_average,strong_pairs,group_average,strong_groups,sum,even_count,low_count,range_span,consecutive_pairs
4 17 21 24 34 48,73.64,0.68812,10,0.43218,0,148,4,4,44,0
6 11 12 21 34 44,68.37,0.65464,9,0.41366,0,128,4,4,38,1
2 18 21 23 34 36,73.21,0.73135,14,0.46733,2,134,4,4,34,0
12 18 24 25 34 37,72.73,0.69023,10,0.40176,1,150,4,3,25,1
