combination,combo_score,pair_average,strong_pairs,group_average,strong_groups,sum,even_count,low_count,range_span,consecutive_pairs
2 11 37 42 48 49,72.96,0.68462,11,0.38422,0,189,3,2,47,1
13 17 30 37 44 48,75.48,0.68754,9,0.43159,1,189,3,2,35,0
11 17 28 33 46 48,76.24,0.68383,11,0.42319,0,183,3,2,37,0
4 12 33 44 48 49,68.69,0.69083,12,0.46439,0,190,4,2,45,1
