combination,combo_score,pair_average,strong_pairs,group_average,strong_groups,sum,even_count,low_count,range_span,consecutive_pairs
12 17 21 24 34 48,72.92,0.69052,9,0.43453,0,156,4,4,36,0
4 11 18 21 34 36,70.8,0.68751,12,0.47318,2,124,4,4,32,0
2 4 17 34 37 38,75.17,0.709,11,0.4286,2,132,4,3,36,1
2 17 18 23 36 48,71.21,0.71999,11,0.40189,0,144,4,4,46,1
