combination,combo_score,pair_average,strong_pairs,group_average,strong_groups,sum,even_count,low_count,range_span,consecutive_pairs
11 17 22 43 44 48,78.76,0.69,10,0.4085,0,185,3,3,37,1
6 17 29 37 48 49,68.57,0.694,10,0.42292,2,186,2,2,43,1
6 22 29 42 43 46,68.47,0.69968,10,0.41357,1,188,4,2,40,1
6 11 35 42 44 49,76.17,0.67491,10,0.44038,1,187,3,2,43,0
