ticket_id,numbers,neural_ticket_score,odd_count,low_count,sum
1,"[2, 21, 29, 41, 42, 44]",0.51657,3,2,179
2,"[11, 20, 21, 27, 34, 44]",0.515299,3,3,157
3,"[2, 11, 25, 27, 38, 45]",0.520484,4,2,148
4,"[7, 21, 27, 28, 34, 45]",0.520881,4,2,162
5,"[2, 21, 25, 34, 43, 45]",0.534301,4,2,170
6,"[2, 13, 19, 25, 30, 44]",0.519329,3,3,133
7,"[3, 13, 25, 30, 38, 44]",0.514723,3,2,153
8,"[2, 21, 30, 40, 42, 45]",0.527819,2,2,180
