ticket_id,numbers,neural_ticket_score,odd_count,low_count,sum
1,"[2, 21, 29, 41, 42, 44]",0.516563,3,2,179
2,"[11, 20, 21, 27, 34, 44]",0.51528,3,3,157
3,"[2, 11, 25, 27, 38, 45]",0.520419,4,2,148
4,"[7, 21, 27, 28, 34, 45]",0.520892,4,2,162
5,"[2, 21, 25, 34, 43, 45]",0.534294,4,2,170
6,"[2, 13, 19, 25, 30, 44]",0.519335,3,3,133
7,"[3, 13, 25, 30, 38, 44]",0.514728,3,2,153
8,"[2, 21, 30, 40, 42, 45]",0.527801,2,2,180
