combination_count,trials,random_average_best_hits,random_empty_rate_percent,random_at_least_3_percent,random_at_least_4_percent,random_max_best_hits_avg
4,25,1.524402,3.599125,7.353748,0.394114,4.52
7,25,1.810945,0.317359,12.499901,0.658978,4.68
8,25,1.876059,0.099821,13.972161,0.785842,4.68
12,25,2.076846,0.003181,20.129251,1.179558,4.88
16,25,2.203989,0.0,25.976934,1.523563,5.04
28,25,2.428709,0.0,41.062637,2.73096,5
84,25,2.871835,0.0,79.062637,7.971366,5.08
