{
  "dataset_source": "data\\v41_canonical_draw_events.csv",
  "feature_names": [
    "номер",
    "четност",
    "ниско_високо",
    "десетица",
    "разстояние_от_край",
    "историческа_честота",
    "отклонение_от_очакваното",
    "честота_последни_25",
    "честота_последни_50",
    "честота_последни_100",
    "gap_от_последна_поява",
    "overdue_сигнал",
    "кратък_тренд"
  ],
  "kind": "lightweight_numpy_mlp",
  "metrics": {
    "avg_hits_top6": 0.7464859437751004,
    "balanced_loss_end": 0.694233742811003,
    "balanced_loss_start": 0.6951551606078616,
    "binary_accuracy": 0.5439513154659454,
    "hit_distribution_top6": {
      "0": 867,
      "1": 805,
      "2": 281,
      "3": 36,
      "4": 3,
      "5": 0,
      "6": 0
    },
    "max_hits_top6": 4,
    "positive_rate": 0.12244897959183673,
    "test_draws": 1992,
    "test_samples": 97608,
    "train_draws": 7966,
    "train_samples": 390334
  },
  "name": "Невронна лаборатория",
  "safe_note": "Статистически neural meta-layer. Не е гаранция за печалба и не отменя случайността на лотарията.",
  "state_hash": "760bbfb3d861f1c4",
  "status": "Готово",
  "step": 75,
  "valid_draws": 10058,
  "weights": {
    "b1": [
      [
        0.0004045254161730059,
        -0.0006686397108994396,
        -0.0031681057154151196,
        -3.344774817699242e-06,
        0.00027523232152601467,
        -0.00150254399603797,
        0.00017566349002815927,
        -0.00022175170002155492,
        0.0013676087951838413,
        -0.0012940867607943623,
        -0.00036929079655733066,
        -0.000199695486864579,
        -0.0005038254711369938,
        0.0003169455801589095,
        8.921241990414735e-05,
        -0.009247290523421766,
        -0.00012184934513603122,
        0.0006581304385899535
      ]
    ],
    "b2": [
      [
        -0.019489847356290384
      ]
    ],
    "mean": [
      0.5102040816326531,
      0.5102040816326531,
      0.4897959183673469,
      0.5102040816326531,
      0.4897959183673469,
      0.12244897959182967,
      2.77787565777042e-18,
      0.12244897959243536,
      0.12244897959198475,
      0.12244897959181711,
      0.06790750570885426,
      -0.00022346780791164032,
      -4.0902665367352427e-19
    ],
    "std": [
      0.28861501272901285,
      0.4998958658744056,
      0.49989586587440554,
      0.349778295939156,
      0.2948118337304976,
      0.007310934335449704,
      0.0073109343354496835,
      0.06524312804098865,
      0.04603479057778057,
      0.032686863802830035,
      0.06369605043259449,
      0.09552892501672523,
      0.05641644921845451
    ],
    "w1": [
      [
        -0.14221944321525004,
        0.051136009160158355,
        0.04923921786981278,
        0.056716062589327466,
        0.06646610953716044,
        0.0014981189200126892,
        0.05886320164939481,
        0.137997256363277,
        0.24095630813964622,
        -0.02095378436216561,
        -0.10500259942983453,
        -0.18298623916558177,
        0.03387703712288683,
        -0.019893077520924445,
        0.20797053985664415,
        -0.17136704050909293,
        -0.06725721905369265,
        -0.11475097527887416
      ],
      [
        0.025389633673748312,
        -0.02484717765925379,
        -0.10936571155318031,
        -0.07644461450128492,
        0.12904633185562786,
        0.16263504801014952,
        0.07898705710414185,
        0.08666865308549004,
        0.08146458046904366,
        -0.07361856579081155,
        -0.0016301156188575025,
        -0.12639352581244787,
        0.0879927317494951,
        -0.07168219013500807,
        -0.06893641892189764,
        0.047130501029086766,
        0.04860729745735417,
        -0.04164028300066715
      ],
      [
        -0.14004248461202326,
        -0.09513994373565901,
        -0.0803348725597649,
        0.022210404051019466,
        0.08032860218026987,
        -0.03560025138516117,
        0.06241306150252951,
        -0.2682905840699738,
        -0.0051636131507244495,
        -0.028431103944689725,
        -0.2334381083739513,
        0.12478193369599756,
        0.014394976685073517,
        0.219681851282388,
        0.08452383562061684,
        -0.025762500244807793,
        -0.3052052611793451,
        -0.145929250980389
      ],
      [
        0.11154279985700018,
        0.2242309885958598,
        0.03498746457100925,
        -0.1161921294137562,
        0.08838522982017737,
        -0.04578350386535543,
        -0.17162508983422245,
        0.09829799788767446,
        -0.14410812842008983,
        -0.04353053492489701,
        -0.12710652761408867,
        0.11341045084997158,
        -0.03522514281595246,
        -0.042280316790818125,
        0.0033588455590807926,
        0.12140673296205859,
        -0.08765712663431473,
        0.12114673255742699
      ],
      [
        -0.11220045020967112,
        0.13705197054779486,
        -0.12796343491530465,
        -0.08525895024339811,
        0.20184059036176105,
        0.11837051846275175,
        0.03295953360119061,
        -0.0010492378216231514,
        0.2750030124375171,
        -0.006894625833769135,
        -0.016015870707240303,
        -0.1286801965350859,
        -0.09769103944272092,
        -0.06925485150059615,
        -0.13503907416877092,
        0.1288785107576841,
        0.06118979494193306,
        -0.029881349027917333
      ],
      [
        -0.04937630051726326,
        0.20097078490547152,
        -0.04982519972469998,
        0.198510141259973,
        -0.08218450748473635,
        -0.035383048806198227,
        0.16696284897965144,
        -0.013572666047005688,
        0.12444598903795895,
        -0.042423524396471506,
        0.08314066121566634,
        0.12405894834273133,
        0.2823295199198125,
        0.05927105292832832,
        0.05251315332926967,
        0.042580612247294876,
        0.024784239819495592,
        0.00302344513145797
      ],
      [
        0.06156631200510521,
        0.11211048527379389,
        -0.18905824115507391,
        0.15846701411699035,
        0.14234709360185516,
        0.04106285625050132,
        -0.10476123804187615,
        -0.022939349889818036,
        -0.05693537263169112,
        0.10518428350427823,
        -0.05778467392762696,
        -0.20693672841251243,
        -0.201100466634482,
        -0.11345535766358526,
        0.09761235372132172,
        0.2061641192608095,
        -0.12157405792041297,
        -0.013723410244203097
      ],
      [
        0.048074248886036605,
        -0.21003892638226357,
        0.15067836973773424,
        0.03536799342709798,
        0.1195649451270932,
        0.15129476321867555,
        -0.1842011886816261,
        0.15088031848270475,
        -0.12701710189681034,
        0.029431783182311495,
        -0.10739404480835807,
        0.005329975512010593,
        -0.08063207984064946,
        -0.10233583740883072,
        -0.024955030287804963,
        0.04558841855249941,
        0.019196772041220334,
        0.1301989555641625
      ],
      [
        -0.201050250120239,
        -0.15352919700752815,
        0.07699959475246938,
        -0.07562707513731201,
        0.15406677255900972,
        0.003677685017732056,
        -0.23742132612716207,
        0.14037153407138558,
        -0.05971271534708542,
        0.037094359121342554,
        -0.03711042649911048,
        -0.06325073692089087,
        -0.10971667714520887,
        0.1588032335584416,
        0.05327839054185119,
        0.13567247586905132,
        -0.02006559267905292,
        -0.04736356427682494
      ],
      [
        -0.03285954274710769,
        0.13500427055974196,
        0.14679380966265904,
        0.041832713430219555,
        0.203333806984907,
        -0.14972573997316801,
        -0.014273501770869165,
        -0.27476762183412545,
        0.0358956599286103,
        0.048105986438169684,
        -0.016609618603491336,
        -0.18885238376724658,
        0.04469274294493065,
        0.07246525271625724,
        -0.004784286904480563,
