{
  "dataset_source": "data\\v41_canonical_draw_events.csv",
  "feature_names": [
    "номер",
    "четност",
    "ниско_високо",
    "десетица",
    "разстояние_от_край",
    "историческа_честота",
    "отклонение_от_очакваното",
    "честота_последни_25",
    "честота_последни_50",
    "честота_последни_100",
    "gap_от_последна_поява",
    "overdue_сигнал",
    "кратък_тренд"
  ],
  "kind": "lightweight_numpy_mlp",
  "metrics": {
    "avg_hits_top6": 0.7479919678714859,
    "balanced_loss_end": 0.694225436764406,
    "balanced_loss_start": 0.6951397735115543,
    "binary_accuracy": 0.5437976395377428,
    "hit_distribution_top6": {
      "0": 865,
      "1": 806,
      "2": 282,
      "3": 36,
      "4": 3,
      "5": 0,
      "6": 0
    },
    "max_hits_top6": 4,
    "positive_rate": 0.12244897959183673,
    "test_draws": 1992,
    "test_samples": 97608,
    "train_draws": 7967,
    "train_samples": 390383
  },
  "name": "Невронна лаборатория",
  "safe_note": "Статистически neural meta-layer. Не е гаранция за печалба и не отменя случайността на лотарията.",
  "state_hash": "68515dba5a1ca32b",
  "status": "Готово",
  "step": 75,
  "valid_draws": 10059,
  "weights": {
    "b1": [
      [
        0.0004154930401724738,
        -0.0006728514387190666,
        -0.0031741786073865865,
        -3.377431234539363e-06,
        0.00027590518940097045,
        -0.001503744277434835,
        0.0001727404471563938,
        -0.00022201584266488982,
        0.001359289828854865,
        -0.0012910975717572537,
        -0.00037063521146181504,
        -0.00020224442008367417,
        -0.0005078031965835339,
        0.0003231344325058805,
        9.04128147861152e-05,
        -0.009067863576859177,
        -0.0001216255122972341,
        0.0006550272653573762
      ]
    ],
    "b2": [
      [
        -0.01948353084548858
      ]
    ],
    "mean": [
      0.5102040816326531,
      0.5102040816326531,
      0.4897959183673469,
      0.5102040816326531,
      0.4897959183673469,
      0.12244897959183082,
      2.773403282454545e-18,
      0.1224489795924355,
      0.12244897959198484,
      0.12244897959181712,
      0.0679086094084355,
      -0.00022181208368888232,
      -4.067001673108237e-19
    ],
    "std": [
      0.2886150127290128,
      0.49989586587440565,
      0.4998958658744056,
      0.3497782959391561,
      0.2948118337304975,
      0.007331281442420122,
      0.0073312814424201095,
      0.06524370773458364,
      0.04603610002174548,
      0.032686266362940745,
      0.06369659747424408,
      0.09552974763516255,
      0.056413049238209625
    ],
    "w1": [
      [
        -0.14224375614304163,
        0.051142845015432654,
        0.04925041158843586,
        0.056715091577601816,
        0.06646523104762997,
        0.0015051480027411844,
        0.05885253859211575,
        0.13799754346577905,
        0.24096894958130838,
        -0.02095293044219021,
        -0.10501133182611644,
        -0.18298644380960166,
        0.033873820121126455,
        -0.019919329388117062,
        0.20796905060617846,
        -0.1713768456622069,
        -0.06724982266786597,
        -0.11476775395920835
      ],
      [
        0.025392815044111762,
        -0.024853082508757823,
        -0.10938562384226583,
        -0.07644463463291974,
        0.1290469329860043,
        0.1626298634649628,
        0.07899481608322345,
        0.08666969380855909,
        0.08145156175920736,
        -0.07362953498482264,
        -0.001627088193974664,
        -0.12639220383097674,
        0.0879964016882346,
        -0.07168460582856925,
        -0.06893405719121697,
        0.04716241181366366,
        0.048604388341251865,
        -0.0416418949769946
      ],
      [
        -0.14002409832756457,
        -0.09514504922270302,
        -0.08034531725000768,
        0.022210969602438384,
        0.08033009263291653,
        -0.035602339024284876,
        0.062420591578649896,
        -0.2682908735967479,
        -0.005172179647963724,
        -0.028433637141587708,
        -0.23342992781423605,
        0.12477890225266164,
        0.014396225118306063,
        0.21969034823391043,
        0.08452461881590606,
        -0.02571944589488533,
        -0.3052110503516286,
        -0.14591793847597914
      ],
      [
        0.11152113616127526,
        0.22424030590119445,
        0.03499925479343319,
        -0.11619301698900425,
        0.08838465693823758,
        -0.04577827366315026,
        -0.1716338878595694,
        0.09829831420306702,
        -0.1440968575189533,
        -0.043530272320583534,
        -0.1271143448262014,
        0.11341047064178457,
        -0.03522957149677054,
        -0.042302086274954985,
        0.003357161607602213,
        0.121394493123859,
        -0.08765036510318577,
        0.12113173388322476
      ],
      [
        -0.11220782332685796,
        0.13706975923422332,
        -0.12800690074503832,
        -0.0852591971309841,
        0.2018376987050282,
        0.11838502148264872,
        0.03294401926426519,
        -0.0010503478459703507,
        0.27498035909752816,
        -0.006859775714031588,
        -0.016034349442521804,
        -0.12868097102825088,
        -0.097669101846275,
        -0.06927128828498604,
        -0.13504112554839287,
        0.12886183018416258,
        0.06119278431831419,
        -0.029877582615917192
      ],
      [
        -0.049356130196474335,
        0.20095686234453122,
        -0.049861521710240005,
        0.19850948411316,
        -0.08218666304840101,
        -0.035347118878820985,
        0.16692456880109174,
        -0.013574152133535473,
        0.12439194229796527,
        -0.04241223091248231,
        0.08312829923084007,
        0.12405951934081594,
        0.2823403183307225,
        0.059293305012170304,
        0.05251322901264379,
        0.04275094444446329,
        0.02478348551692839,
        0.003021800319541319
      ],
      [
        0.06158648232589418,
        0.11209656271285375,
        -0.1890945631406146,
        0.15846635697017736,
        0.14234493803819034,
        0.04109878617787835,
        -0.10479951822043593,
        -0.022940835976347843,
        -0.0569894193716847,
        0.10519557698826724,
        -0.05779703591245325,
        -0.20693615741442786,
        -0.20108966822357185,
        -0.11343310557974325,
        0.0976124294046959,
        0.2063344514579762,
        -0.1215748122229802,
        -0.013725055056119645
      ],
      [
        0.04807026778837765,
        -0.21004667297673008,
        0.15068093926673154,
        0.035368286492269155,
        0.11956550294571126,
        0.1512848645392082,
        -0.18419905920675342,
        0.1508807169487079,
        -0.12698880567281046,
        0.029432136376280938,
        -0.10739085935035159,
        0.0053284363839676534,
        -0.08062882554148909,
        -0.10233045011423575,
        -0.02495376683006902,
        0.04566748388291119,
        0.01919991477030754,
        0.13020152087165443
      ],
      [
        -0.20105255175483341,
        -0.15353605274927176,
        0.0769869779354809,
        -0.07562713277026151,
        0.15406693865834684,
        0.0036748373367881857,
        -0.23741911616682404,
        0.14037143410732159,
        -0.0597070463695479,
        0.03709332715656668,
        -0.03710827008734566,
        -0.06325292032948775,
        -0.10971708619008744,
        0.1588077144271183,
        0.053279870203372076,
        0.13567375847769197,
        -0.020059922242758592,
        -0.04735906475005756
      ],
      [
        -0.03286149212042992,
        0.13499321909747125,
        0.14674708923801838,
        0.041832565593301764,
        0.2033334075136085,
        -0.149721335931826,
        -0.01427013880054819,
        -0.2747677159087302,
        0.035903256543384166,
        0.04810392536105635,
        -0.0166012365824609,
        -0.1888555774051491,
        0.04469779476782077,
        0.0724696891635873,
        -0.004783182145674159,
